#--------------------------------------------CREATING DATABASE-----------------------------------------------------

CREATE DATABASE COURSE_PROJECT;
use COURSE_PROJECT;

#---------------------------------------------CREATING TABLES:---------------------------------------------------------------------------------------------

#1.MANAGER TABLE...
CREATE TABLE MANAGER 
(
MANAGER_ID int,
MFIRST_NAME VARCHAR(21),
MMIDDLE_NAME VARCHAR(21),
MLAST_NAME VARCHAR(21), 
LOCATION VARCHAR(21),
CITY VARCHAR(21),
STATE VARCHAR(21),
MANAGER_DOB DATE,
MANAGER_Qualification VARCHAR(21),
GENDER VARCHAR(15),
CONSTRAINT MANAGER_PK1 PRIMARY KEY(MANAGER_ID)
);
DROP TABLE MANAGER;




#2.MULTIVALUED TABLE(MANAGER.CONTACT TABLE)...
CREATE TABLE MANAGER_CONTACT
(
MANAGER_ID INT,
MANAGER_CONTACT INT,
CONSTRAINT MC_FK1 FOREIGN KEY(MANAGER_ID) REFERENCES MANAGER(MANAGER_ID)
);
DROP TABLE MANAGER_CONTACT;



#3.MANAGER_DEALER TABLE... 
CREATE TABLE MANAGER_DEALER
(
MANAGER_ID INT,
DEALER_ID INT,
CONSTRAINT MD_FK1 FOREIGN KEY(MANAGER_ID) REFERENCES MANAGER(MANAGER_ID),
CONSTRAINT MD_FK2 FOREIGN KEY(DEALER_ID) REFERENCES DEALER(DEALER_ID)
);
DROP TABLE MANAGER_DEALER;



#4.CUSTOMER TABLE...
CREATE TABLE CUSTOMER
(
CUSTOMER_ID int,
CFIRST_NAME VARCHAR(21),
CMIDDLE_NAME VARCHAR (21),
CLAST_NAME VARCHAR(21),
LOCATION VARCHAR(21),
CITY VARCHAR(21), 
GENDER VARCHAR(21),
STATE VARCHAR(21),
CONSTRAINT CUSTOMER_PK1 PRIMARY KEY(CUSTOMER_ID)
);
DROP TABLE CUSTOMER;



#5.MULTIVALUED TABLE(CUSTOMER_CONTACT)...
CREATE TABLE CUSTOMER_CONTACT
(
CUSTOMER_ID INT,
CUSTOMER_CONTACT INT,
CONSTRAINT CU_FK FOREIGN KEY(CUSTOMER_ID) REFERENCES CUSTOMER(CUSTOMER_ID)
);
DROP TABLE CUSTOMER_CONTACT;



#6.MULTIVALUED TABLE(CUSTOMER_EMAIL.ID)...
CREATE TABLE CUSTOMER_EMAILID
(
CUSTOMER_ID INT,
CUSTOMER_EMAILID VARCHAR(21),
CONSTRAINT CE_FK FOREIGN KEY(CUSTOMER_ID) REFERENCES CUSTOMER(CUSTOMER_ID)
);



#7.DEALER TABLE...
CREATE TABLE DEALER
(
DEALER_ID int,
MANAGER_ID int,
COMPANY_NAME VARCHAR(21),
DFIRST_NAME VARCHAR(21),
DMIDDLE_NAME VARCHAR(21),
DLAST_NAME VARCHAR(21),
LOCATION VARCHAR(21),
CITY VARCHAR(21),
STATE VARCHAR(21),
GENDER VARCHAR(21),
CONSTRAINT DEALER_PK1 PRIMARY KEY(DEALER_ID),
CONSTRAINT DEALER_FK1 FOREIGN KEY(MANAGER_ID) REFERENCES MANAGER(MANAGER_ID)
);
DROP TABLE DEALER;



#8.MULTIVALUED TABLE(DEALER_CONTACT)...
CREATE TABLE DEALER_CONTACT
(
DEALER_ID INT,
DEALER_CONTACT INT,
CONSTRAINT DC_FK FOREIGN KEY(DEALER_ID) REFERENCES DEALER(DEALER_ID)
);
DROP TABLE DEALER_CONTACT;




#9.SHOWROOM TABLE...
CREATE TABLE SHOWROOM
(
SHOWROOM_ID int,
DEALER_ID int,
SHOWROOM_NAME VARCHAR(20),
LOCATION VARCHAR(21),
STATE VARCHAR(21),
STATUS VARCHAR(20),
CONSTRAINT SHOWROOM_PK PRIMARY KEY(SHOWROOM_ID),
CONSTRAINT SHOWROOM_FK FOREIGN KEY(DEALER_ID) REFERENCES DEALER(DEALER_ID)
);
DROP TABLE SHOWROOM;



#10.MULTIVALUED TABLE(SHOWROOM_CONTACT)...
CREATE TABLE SHOWROOM_CONTACT
(
SHOWROOM_ID INT,
SHOWROOM_CONTACT INT,
CONSTRAINT S_FK FOREIGN KEY(SHOWROOM_ID) REFERENCES SHOWROOM(SHOWROOM_ID)
);
DROP TABLE SHOWROOM_CONTACT;




#11.DEALER_SHOWROOM TABLE...
CREATE TABLE DEALER_SHOWROOM
(
DEALER_ID INT,
SHOWROOM_ID INT,
CONSTRAINT D_FK FOREIGN KEY(DEALER_ID) REFERENCES DEALER(DEALER_ID),
CONSTRAINT SR_FK FOREIGN KEY(SHOWROOM_ID) REFERENCES SHOWROOM(SHOWROOM_ID)
);
DROP TABLE DEALER_SHOWROOM;




#12.SALES TABLE...
CREATE TABLE SALES
(
SALES_ID int,
VEHICLE_ID int,
CUSTOMER_ID int,
SHOWROOM_ID int,
COST int,
CITY VARCHAR(21),
STATE VARCHAR(21),
ORDER_DATE DATE,
DELVARY_DATE DATE,
SALES_DESCRIPTION VARCHAR(20),
CONSTRAINT SALES_PK PRIMARY KEY(SALES_ID),
CONSTRAINT SALES_FK1 FOREIGN KEY(VEHICLE_ID) REFERENCES VEHICLE(VEHICLE_ID),
CONSTRAINT SALES_FK2 FOREIGN KEY(CUSTOMER_ID) REFERENCES CUSTOMER(CUSTOMER_ID),
CONSTRAINT SALES_FK3 FOREIGN KEY(SHOWROOM_ID) REFERENCES SHOWROOM(SHOWROOM_ID)
);
DROP TABLE SALES;




#13.TAX TABLE...
CREATE TABLE TAX
(
TAX_ID int,
SALES_ID INT,
TAX_TYPE VARCHAR(21),
TAX_AMOUNT int NOT NULL,
STATUS VARCHAR(20),
CONSTRAINT TAX_PK1 PRIMARY KEY(TAX_ID),
CONSTRAINT TAX_FK FOREIGN KEY(SALES_ID) REFERENCES SALES(SALES_ID)
);
DROP TABLE TAX;




#14.VEHICLE TABLE..
CREATE TABLE VEHICLE
(
VEHICLE_ID int,
DEALER_ID int,
VEHICLE_NAME VARCHAR(20),
VEHICLE_MODEL VARCHAR(20),
VEHICLE_TYPE VARCHAR(20),
VEHICLE_DESCRIPTION VARCHAR(20),
VEHICLE_COST int NOT NULL,
CREATE_DATE DATE,
STATUS VARCHAR(20),
CONSTRAINT VEHICLE_PK PRIMARY KEY(VEHICLE_ID),
CONSTRAINT VEHICLE_FK FOREIGN KEY(DEALER_ID) REFERENCES DEALER(DEALER_ID)
);
DROP TABLE VEHICLE;




#15.BILLING TABLE...
CREATE TABLE BILLING
(
BILLING_ID INT,
MANAGER_ID INT,
BILLING_DATE DATE,
BILLING_AMOUNT INT,
TAX_AMOUNT INT,
CONSTRAINT BILLING_PK PRIMARY KEY(BILLING_ID),
CONSTRAINT BILLING_FK FOREIGN KEY(MANAGER_ID) REFERENCES MANAGER(MANAGER_ID)
);
DROP TABLE BILLING;



#16.BOOKING TABLE...
CREATE TABLE BOOKING
(
BOOKING_ID INT,
BOOKING_DATE DATE,
CUSTOMER_ID INT,
BOOKING_PAYMENT VARCHAR(21),
AMOUNT INT,
BOOKING_TYPE VARCHAR(21),
CONSTRAINT BOOKING_PK PRIMARY KEY(BOOKING_ID),
CONSTRAINT BOOKING_FK FOREIGN KEY(CUSTOMER_ID) REFERENCES CUSTOMER(CUSTOMER_ID)
);
DROP TABLE BOOKING;




#17.PAYMENT TABLE...
CREATE TABLE PAYMENT
(
PAYMENT_ID INT,
CUSTOMER_ID INT,
PAYMENT_DATE DATE,
PAYMENT_AMOUNT INT,
PAYMENT_TYPE VARCHAR(21),
STATUS VARCHAR(21),
CONSTRAINT PAYMENT_PK PRIMARY KEY(PAYMENT_ID),
CONSTRAINT PAYMENT_FK FOREIGN KEY(CUSTOMER_ID) REFERENCES CUSTOMER(CUSTOMER_ID)
);
DROP TABLE PAYMENT;




#18.WORKERS TABLE...
CREATE TABLE WORKER
(
WORKER_ID INT,
SHOWROOM_ID INT,
WORKER_TYPE VARCHAR(21),
WFIRST_NAME VARCHAR(21),
WMIDDLE_NAME VARCHAR(21),
WLAST_NAME VARCHAR(21),
WORKER_SALARY INT,
W_DESCRIPTION VARCHAR(21),
GENDER VARCHAR(21),
CONSTRAINT WORKER_PK PRIMARY KEY(WORKER_ID),
CONSTRAINT WORKER_FK FOREIGN KEY(SHOWROOM_ID) REFERENCES SHOWROOM(SHOWROOM_ID)
);
DROP TABLE WORKER;




#19.MULTIVALUED TABLE(WORKER_CONTACT)...
CREATE TABLE WORKER_CONTACT
(
WORKER_ID INT,
WORKER_CONTACT INT,
CONSTRAINT WC_FK FOREIGN KEY(WORKER_ID) REFERENCES WORKER(WORKER_ID) 
);
DROP TABLE WORKER_CONTACT;


---------------------------------------------#INSERTING VALUES:--------------------------------------------------------------------------------------------
#1.INSERTING VALUES INTO MANAGER TABLE...
INSERT INTO MANAGER VALUES(101,'Shaik','Faiyaj','Uddin','Madanapalle','Chittoor','Andhra Pradesh','2001-06-14','MBA','Male');
SELECT * FROM MANAGER;



#2.INSERTING VALUES INTO MANAGER_CONTACT TABLE...
INSERT INTO MANAGER_CONTACT VALUES(101,735648364);
INSERT INTO MANAGER_CONTACT VALUES(101,630235989);
SELECT * FROM MANAGER_CONTACT;



#3.INSERTING VALUES INTO MANAGER_DEALER TABLE...
INSERT INTO MANAGER_DEALER VALUES(101,1001);
INSERT INTO MANAGER_DEALER VALUES(101,1002);
INSERT INTO MANAGER_DEALER VALUES(101,1003);
INSERT INTO MANAGER_DEALER VALUES(101,1004);
INSERT INTO MANAGER_DEALER VALUES(101,1005);
INSERT INTO MANAGER_DEALER VALUES(101,1006);
INSERT INTO MANAGER_DEALER VALUES(101,1007);
INSERT INTO MANAGER_DEALER VALUES(101,1008);
INSERT INTO MANAGER_DEALER VALUES(101,1009);
INSERT INTO MANAGER_DEALER VALUES(101,1010);
INSERT INTO MANAGER_DEALER VALUES(101,1011);
SELECT * FROM MANAGER_DEALER;



#4.INSERTING VALUES INTO CUSTOMER TABLE...
INSERT INTO CUSTOMER VALUES(1,'Shaik','Azaj','Uddin','Mangalagiri','Vijayawada','Male','Andhra Pradesh');
INSERT INTO CUSTOMER VALUES(2,'Shaik','Faahim','Uddin','Madanapalle','Chittoor','Male','Andhra Pradesh');
INSERT INTO CUSTOMER VALUES(3,'Puttaparti','Sai','Venkat','Palamneru','Chittoor','Male','Andhra Pradesh');
INSERT INTO CUSTOMER VALUES(4,'Yugi','Yugandhar','Reddy','Vallikavu','Kerala','Male','Kerala');
INSERT INTO CUSTOMER VALUES(5,'Kadiyala','Jaya','Prakash','Gannavaram','Vijayawada','Male','Andhra Pradesh');
INSERT INTO CUSTOMER VALUES(6,'Desu','Nithin','Datta','Chakraya Palem','Addanki','Male','Andhra Pradesh');
INSERT INTO CUSTOMER VALUES(7,'Chowdary','Chandra','Sekhar','Benz Circle','Vijayawada','Male','Andhra Pradesh');
INSERT INTO CUSTOMER VALUES(8,'Shaik','Arbaz','Uddin','Mahal','Rayachoty','Male','Andhra Pradesh');
INSERT INTO CUSTOMER VALUES(9,'Shaik','Shanawaz','Uddin','Nimmana Palle','Tirupati','Male','Andhra Pradesh');
INSERT INTO CUSTOMER VALUES(10,'Shaik','Shuaib','Akthar','Punganur','Chittoor','Male','Andhra Pradesh');
INSERT INTO CUSTOMER VALUES(11,'Shaik','Nathik','Basha','Kallur','Rayalaseema','Male','Andhra Pradesh');
SELECT * FROM CUSTOMER;



#5.INSERTING VALUES INTO CUSTOMER_CONTACT TABLE...
INSERT INTO CUSTOMER_CONTACT VALUES(1,74689269);
INSERT INTO CUSTOMER_CONTACT VALUES(1,27903480);
SELECT * FROM CUSTOMER_CONTACT;



#6.INSERTING VALUES INTO CUSTOMER_EMAILID TABLE...
INSERT INTO CUSTOMER_EMAILID VALUES(1,'faahim@gmail.com');
INSERT INTO CUSTOMER_EMAILID VALUES(1,'faahim9@gmail.com'); 
INSERT INTO CUSTOMER_EMAILID VALUES(3,'sai@gmail.com'); 
INSERT INTO CUSTOMER_EMAILID VALUES(3,'venkat@gmail.com'); 
SELECT * FROM CUSTOMER_EMAILID;



#7.INSERTING VALUES INTO DEALER TABLE...
INSERT INTO DEALER VALUES(1001,101,'GT-650','Chowdary','Sai','Vignesh','SBI-Coloney','Madanapalle','Andhra Pradesh','Male');
INSERT INTO DEALER VALUES(1002,101,'RC200','Pulivarthi','Vishnu','Vardhan','Eshwaramma-coloney','Madanapalle','Andhra Pradesh','Male');
INSERT INTO DEALER VALUES(1003,101,'Duke200','chowdary','Sai','Reddy','Drivers-Coloney','Madanapalle','Andhra Pradesh','Male');
INSERT INTO DEALER VALUES(1004,101,'Mustang','Chowdary','Sai','Vignesh','SBI-Coloney','Mumbai','Maharashtra','Male');
INSERT INTO DEALER VALUES(1005,101,'Dodge Challenger','Shaik','Nijam','Uddin','Market-Yard','Mumbai','Maharashtra','Male');
INSERT INTO DEALER VALUES(1006,101,'Mahindra Thar','Konidela','Pavan','kalyan','Market-Yard','Hyderabad','Telangana','Male');
INSERT INTO DEALER VALUES(1007,101,'Mahindra XUV700','Shaik','Jaffru','Uddin','Drivers-Coloney','Hyderabad','Telangana','Male');
INSERT INTO DEALER VALUES(1008,101,'MG-Hector','Syed','Dawood','Basha','Chipli','Madanapalle','Andhra Pradesh','Male');
INSERT INTO DEALER VALUES(1009,101,'Maruti Suzuki','Syed','Salis','Bukhari','Prashanth-Nagar','Kadapa','Andhra Pradesh','Male');
INSERT INTO DEALER VALUES(1010,101,'Creta','Syed','Kashif','Khan','Marpuri','Piler','Andhra Pradesh','Male');
INSERT INTO DEALER VALUES(1011,101,'Fortuner','Syed','Anees','Ahmed','Pakala','Chittoor','Andhra Pradesh','Male');
SELECT * FROM DEALER;



#8.INSERTING VALUES INTO DEALER_CONTACT TABLE...
INSERT INTO DEALER_CONTACT VALUES(1001,279038349);
INSERT INTO DEALER_CONTACT VALUES(1001,279543429);
SELECT * FROM DEALER_CONTACT;



#9.INSERTING VALUES INTO TAX TABLE...
INSERT INTO TAX VALUES(1000,110,'ALL_TAX',50042,'PENDING');
INSERT INTO TAX VALUES(2000,120,'ROAD_TAX',500000,'PENDING');
INSERT INTO TAX VALUES(3000,130,'ALL_TAX',54200,'CLEAR');
INSERT INTO TAX VALUES(4000,140,'INSU_TAX',533000,'CLEAR');
INSERT INTO TAX VALUES(5000,150,'ALL_TAX',5412,'PENDING');
SELECT * FROM TAX;




#10.INSERTING VALUES INTO VEHICLE TABLE...
INSERT INTO VEHICLE VALUES(12131,1001,'Duke250','D250','BIKE','Sports Bike',250000,'2022-6-10','AVAILABLE');
INSERT INTO VEHICLE VALUES(12647,1002,'RC250','RC250','BIKE','Sports Bike',25000,'2022-7-13','AVAILABLE');
INSERT INTO VEHICLE VALUES(13593,1003,'RX-100','RX125','BIKE','TwoStroke ',70000,'2022-1-22','SOLD_OUT');
INSERT INTO VEHICLE VALUES(19074,1004,'AUDI','A414','CAR','Luxury Car','6542000','2021-7-22','AVAILABLE');
INSERT INTO VEHICLE VALUES(14361,1005,'RollsRoyce','RR7861','CAR','Luxury Car',65000000,'2021-12-2','SOLD_OUT');
INSERT INTO VEHICLE VALUES(14362,1006,'RollsRoyce','RR7862','CAR','Luxury Car',65000000,'2021-12-2','SOLD_OUT');
INSERT INTO VEHICLE VALUES(14363,1005,'Dodge Challenger','DG7863','CAR','Luxury Car',65000000,'2021-12-2','SOLD_OUT');
INSERT INTO VEHICLE VALUES(14364,1005,'Classic350','C7864','Bike','Normal-Bike',350000,'2021-12-2','SOLD_OUT');
INSERT INTO VEHICLE VALUES(14365,1009,'Yamaha-Y1','YY7865','Bike','Normal-Bike',250000,'2021-12-2','SOLD_OUT');
INSERT INTO VEHICLE VALUES(14366,1003,'Splender','SP7866','Bike','Ordinary Bike',50000,'2021-12-2','SOLD_OUT');
INSERT INTO VEHICLE VALUES(14367,1003,'RollsRoyce','RR7867','CAR','Luxury Car',95000000,'2021-12-2','AVAILABLE');
SELECT * FROM VEHICLE;




#11.INSERTING VALUES INTO SHOWROOM TABLE...
INSERT INTO SHOWROOM VALUES(1101,1001,'Faiyaj Shaik','MADANAPALLE','Andhra Pradesh','FULL');
SELECT * FROM SHOWROOM;



#12.INSERTING VALUES INTO SHOWROOM_CONTACT TABLE...
INSERT INTO SHOWROOM_CONTACT VALUES(1101,65763349);
INSERT INTO SHOWROOM_CONTACT VALUES(1101,78943429);
SELECT * FROM SHOWROOM_CONTACT;



#13.INSERTING VALUES INTO DEALER_SHOWROOM TABLE...
INSERT INTO DEALER_SHOWROOM VALUES(1001,1101);
INSERT INTO DEALER_SHOWROOM VALUES(1001,1101);
INSERT INTO DEALER_SHOWROOM VALUES(1001,1101);
INSERT INTO DEALER_SHOWROOM VALUES(1001,1101);
INSERT INTO DEALER_SHOWROOM VALUES(1001,1101);
INSERT INTO DEALER_SHOWROOM VALUES(1001,1101);
INSERT INTO DEALER_SHOWROOM VALUES(1001,1101);
INSERT INTO DEALER_SHOWROOM VALUES(1001,1101);
INSERT INTO DEALER_SHOWROOM VALUES(1001,1101);
INSERT INTO DEALER_SHOWROOM VALUES(1001,1101);
INSERT INTO DEALER_SHOWROOM VALUES(1001,1101);
SELECT * FROM DEALER_SHOWROOM;




#14.INSERTING VALUES INTO SALES TABLE...
INSERT INTO SALES VALUES(110,12131,1,1101,45000,'Madanapalle','AndhraPradesh','2022-3-19','2022-6-29','SUPER');
INSERT INTO SALES VALUES(120,12647,2,1101,85000,'Kadapa','Andhra Pradesh','2020-6-21','2020-10-10','MEDIUM');
INSERT INTO SALES VALUES(130,13593,3,1101,70000,'Piler','Andhra Pradesh','2019-1-10','2019-3-23','AVERAGE');
INSERT INTO SALES VALUES(140,19074,4,1101,805000,'Chittoor','Andhra Pradesh','2020-4-7','2020-5-9','SUPER');
INSERT INTO SALES VALUES(150,14365,7,1101,155000,'Hyderabad','Telangana','2022-7-2','2018-8-7','MEDIUM');
SELECT * FROM SALES;




#15.INSERTING VALUES INTO BILLING TABLE...
INSERT INTO BILLING VALUES(123,101,'2017-2-14',60000,2000);
INSERT INTO BILLING VALUES(124,101,'2015-9-21',43500,3342);
INSERT INTO BILLING VALUES(125,101,'2019-12-3',110000,8567);
INSERT INTO BILLING VALUES(126,101,'2020-11-30',65400000,45568);
INSERT INTO BILLING VALUES(127,101,'2021-6-9',5670000,35524);
INSERT INTO BILLING VALUES(128,101,'2022-2-19',987000,4352);
INSERT INTO BILLING VALUES(129,101,'2022-7-27',3060000,23000);
SELECT * FROM BILLING;




#16.INSERTING VALUES INTO BOOKING TABLE...
INSERT INTO BOOKING VALUES(9871,'2020-3-23',1,'Loan',498035,'Online Payment');
INSERT INTO BOOKING VALUES(9872,'2022-4-14',2,'Paid',479829,'Direct Booking');
INSERT INTO BOOKING VALUES(9873,'2020-9-19',3,'Paid',879369,'Online Payment');
INSERT INTO BOOKING VALUES(9874,'2021-1-31',4,'Loan',386578,'Direct Booking');
INSERT INTO BOOKING VALUES(9875,'2021-8-18',5,'Loan',900000,'Online Payment');
INSERT INTO BOOKING VALUES(9876,'2021-2-20',6,'Loan',950000,'Online Payment');
INSERT INTO BOOKING VALUES(9877,'2020-5-15',7,'Paid',1000000,'Online Payment');
INSERT INTO BOOKING VALUES(9878,'2020-7-17',8,'Loan',2400000,'Direct Booking');
INSERT INTO BOOKING VALUES(9879,'2021-11-30',9,'Loan',650000,'Online Payment');
INSERT INTO BOOKING VALUES(9870,'2020-6-21',10,'Paid',345000,'Online Payment');
INSERT INTO BOOKING VALUES(9869,'2021-12-11',11,'Loan',790005,'Direct Booking');
SELECT * FROM BOOKING;




#17.INSERTING VALUES INTO PAYMENT TABLE...
INSERT INTO PAYMENT VALUES(901,1,'2020-6-11',1250000,'CASH_PAYMENT','DUE');
INSERT INTO PAYMENT VALUES(902,2,'2022-6-21',5550000,'ONLINE_PAYMENT','DUE');
INSERT INTO PAYMENT VALUES(903,3,'2020-12-31',6250000,'ONLINE_PAYMENT','CLEARED');
INSERT INTO PAYMENT VALUES(904,4,'2020-7-17',8250000,'ONLINE_PAYMENT','CLEARED');
INSERT INTO PAYMENT VALUES(905,5,'2021-9-27',2250000,'ONLINE_PAYMENT','DUE');
INSERT INTO PAYMENT VALUES(906,6,'2021-8-24',3250000,'CASH_PAYMENT','DUE');
INSERT INTO PAYMENT VALUES(907,7,'2020-2-12',6250000,'ONLINE_PAYMENT','CLEARED');
INSERT INTO PAYMENT VALUES(908,8,'2020-3-11',4250000,'CASH_PAYMENT','DUE');
INSERT INTO PAYMENT VALUES(909,9,'2021-5-15',9250000,'ONLINE_PAYMENT','CLEARED');
INSERT INTO PAYMENT VALUES(910,10,'2020-9-19',250000,'CASH_PAYMENT','DUE');
INSERT INTO PAYMENT VALUES(911,11,'2021-6-16',350000,'CASH_PAYMENT','DUE');
SELECT * FROM PAYMENT;




#18.INSERTING VALUES INTO WORKER TABLE...
INSERT INTO WORKER VALUES(701,1101,'Receptionist','Shaik','Aasma','Khan',10000,'Good','Female');
INSERT INTO WORKER VALUES(702,1101,'Sales Manager','Shaik','Nawaz','Basha',50000,'Average','Male');
INSERT INTO WORKER VALUES(703,1101,'Car Mechanic','Shaik','Nayaz','Khan',20000,'Good','Male');
INSERT INTO WORKER VALUES(704,1101,'Bike Mechanic','Shaik','Abdullah','Khan',10000,'Good','Male');
INSERT INTO WORKER VALUES(705,1101,'Accountant','Shaik','Tanweer','Ulla',15000,'Good','Male');
SELECT * FROM WORKER;



#18.INSETING VALUES INTO WORKER_CONTACT TABLE...
INSERT INTO WORKER_CONTACT VALUES(701,247658296);
INSERT INTO WORKER_CONTACT VALUES(701,907658296);
SELECT * FROM WORKER_CONTACT;




-------------------------------------------------#QUERIES:---------------------------------------------------------
#1) SELECT ALL VEHICLE NAME WHERE VEHICLE TYPE IS BIKE...
SELECT ALL VEHICLE_NAME 
from VEHICLE 
WHERE VEHICLE_TYPE  = 'BIKE'; 



#2) LIST ALL CUSTOMERS NAMES WHERE ORDER VEHICLE ON DATE 16-JAN- 2016
SELECT CUSTOMER.CMIDDLE_NAME
FROM CUSTOMER , SALES 
WHERE SALES.CUSTOMER_ID=CUSTOMER.CUSTOMER_ID AND ORDER_DATE='2022-3-19';

#3) LIST VEHICLE_NAEM WHICH HAS HIGH COST AMONG ALL VEHICLES;
SELECT VEHICLE_NAME,MAX(VEHICLE_COST)
FROM VEHICLE
WHERE VEHICLE_TYPE = 'CAR';


#4) LIST VEHICLE_NAEM WHICH HAS LOW COST AMONG ALL VEHICLES
SELECT VEHICLE_NAME, MIN(VEHICLE_COST)
FROM VEHICLE
WHERE VEHICLE_TYPE = 'Bike';



#5) LIST ALL SHOWROOM NAME THAT COMES UNDER DEALER ID=1001
SELECT SHOWROOM.SHOWROOM_NAME,DEALER.DEALER_ID 
FROM SHOWROOM , DEALER 
WHERE SHOWROOM.DEALER_ID=DEALER.DEALER_ID AND DEALER.DEALER_ID=1001;



#6.IF THE CUSTOMER WANTS TO SEE THE VEHICLES AVAILABLE IN TH SHOWROOM...
select * from VEHICLE where VEHICLE_ID in(
select VEHICLE_ID from SALES 
where (SALES_ID 
in (select SALES_ID from CUSTOMER where CUSTOMER_ID='11')) and STATUS ='AVAILABLE');	
    
    

#7.IF A CUSTOMER WANTS TO SEE THE ORDER HISTORY OF VEHICLES ORDERD BY WHICH CUSTOMER WITH VEHICLE COST...
SELECT ORDER_DATE,VEHICLE_NAME,CMIDDLE_NAME,VEHICLE_COST
FROM SALES,VEHICLE,CUSTOMER
WHERE SALES.VEHICLE_ID = VEHICLE.VEHICLE_ID AND SALES.CUSTOMER_ID = CUSTOMER.CUSTOMER_ID; 